year,n_entities_observed,n_entities_with_cases,n_entities_zero,total_estimated_cases,proportion_entities_zero,proportion_entities_positive
1980,161,112,49,368410,30.434782608695652,69.56521739130434
1981,161,105,56,460159,34.78260869565217,65.21739130434783
1982,161,108,53,361396,32.91925465838509,67.0807453416149
1983,163,104,59,279811,36.19631901840491,63.80368098159509
1984,166,102,64,245588,38.55421686746988,61.44578313253012
1985,163,96,67,269381,41.104294478527606,58.895705521472394
1986,163,91,72,229922,44.171779141104295,55.828220858895705
1987,163,85,78,277781,47.852760736196316,52.147239263803684
1988,165,87,78,241624,47.27272727272727,52.72727272727273
1989,166,78,88,155499,53.01204819277108,46.98795180722892
1990,161,63,98,131538,60.869565217391305,39.130434782608695
1991,182,71,111,81574,60.989010989010985,39.010989010989015
1992,183,69,114,100113,62.295081967213115,37.704918032786885
1993,182,63,119,73500,65.38461538461539,34.61538461538461
1994,187,63,124,60662,66.31016042780749,33.68983957219251
1995,187,59,128,49301,68.44919786096257,31.550802139037433
1996,185,51,134,4517,72.43243243243244,27.56756756756757
1997,187,47,140,5755,74.8663101604278,25.13368983957219
1998,183,46,137,7044,74.86338797814207,25.136612021857925
1999,191,46,145,7925,75.91623036649214,24.083769633507853
2000,192,31,161,3297,83.85416666666667,16.145833333333332
2001,195,19,176,878,90.25641025641026,9.743589743589743
2002,195,10,185,3565,94.87179487179488,5.128205128205129
2003,195,15,180,1138,92.3076923076923,7.6923076923076925
2004,195,19,176,1475,90.25641025641026,9.743589743589743
2005,193,18,175,2696,90.67357512953367,9.32642487046632
2006,196,19,177,2245,90.3061224489796,9.693877551020408
2007,198,12,186,1541,93.93939393939394,6.0606060606060606
2008,198,19,179,1926,90.4040404040404,9.595959595959595
2009,172,25,147,2020,85.46511627906976,14.534883720930232
2010,198,22,176,1988,88.88888888888889,11.11111111111111
2011,173,19,154,826,89.01734104046243,10.982658959537572
2012,174,10,164,325,94.25287356321839,5.747126436781609
2013,173,11,162,565,93.64161849710983,6.358381502890174
2014,173,12,161,469,93.0635838150289,6.936416184971098
2015,173,8,165,139,95.3757225433526,4.624277456647399
2016,173,4,169,49,97.6878612716763,2.3121387283236996
2017,173,4,169,131,97.6878612716763,2.3121387283236996
2018,173,9,164,203,94.79768786127168,5.202312138728324
2019,173,20,153,656,88.4393063583815,11.560693641618498
2020,173,27,146,1871,84.39306358381504,15.606936416184972
