entity,code,first_positive_year,baseline_cases,last_observed_year,sustained_zero_start_year,sustained_zero_confirmed_year,zero_threshold,event,follow_up_end,time_to_event,baseline_burden_group,log2_baseline_cases
Afghanistan,AFG,1980,6160,2020,NA,NA,5,FALSE,2020,40,Higher baseline burden,12.58894882031468
Albania,ALB,1980,7,2020,1986,1990,5,TRUE,1990,10,Lower baseline burden,3
Algeria,DZA,1980,812,2020,2002,2006,5,TRUE,2006,26,Higher baseline burden,9.667111542075027
Angola,AGO,1980,224,2020,2012,2016,5,TRUE,2016,36,Middle baseline burden,7.813781191217037
Argentina,ARG,1980,224,2020,1986,1990,5,TRUE,1990,10,Middle baseline burden,7.813781191217037
Armenia,ARM,1991,21,2020,1996,2000,5,TRUE,2000,9,Lower baseline burden,4.459431618637297
Australia,AUS,1986,7,2020,1987,1991,5,TRUE,1991,5,Lower baseline burden,3
Austria,AUT,1980,7,2020,1981,1985,5,TRUE,1985,5,Lower baseline burden,3
Azerbaijan,AZE,1991,147,2020,1996,2000,5,TRUE,2000,9,Middle baseline burden,7.20945336562895
Bahrain,BHR,1980,42,2020,1982,1986,5,TRUE,1986,6,Lower baseline burden,5.426264754702098
Bangladesh,BGD,1980,455,2020,2001,2005,5,TRUE,2005,25,Middle baseline burden,8.832890014164741
Belarus,BLR,1992,7,2020,1995,1999,5,TRUE,1999,7,Lower baseline burden,3
Belgium,BEL,1980,7,2020,1984,1988,5,TRUE,1988,8,Lower baseline burden,3
Belize,BLZ,1980,21,2010,1981,1985,5,TRUE,1985,5,Lower baseline burden,4.459431618637297
Benin,BEN,1980,1085,2020,2010,2014,5,TRUE,2014,34,Higher baseline burden,10.084808387804362
Bhutan,BTN,1980,42,2020,1989,1993,5,TRUE,1993,13,Lower baseline burden,5.426264754702098
Bolivia,BOL,1980,336,2020,1990,1994,5,TRUE,1994,14,Middle baseline burden,8.396604781181859
Botswana,BWA,1980,7,2020,1990,1994,5,TRUE,1994,14,Lower baseline burden,3
Brazil,BRA,1980,9394,2020,1990,1994,5,TRUE,1994,14,Higher baseline burden,13.197677446307418
Bulgaria,BGR,1980,105,2020,1992,1996,5,TRUE,1996,16,Middle baseline burden,6.727920454563199
Burkina Faso,BFA,1980,1015,2020,2010,2014,5,TRUE,2014,34,Higher baseline burden,9.988684686772165
Burundi,BDI,1980,301,2020,2000,2004,5,TRUE,2004,24,Middle baseline burden,8.238404739325079
Cambodia,KHM,1980,4137,2020,1998,2002,5,TRUE,2002,22,Higher baseline burden,12.014717929860009
Cameroon,CMR,1980,1785,2020,2015,2019,5,TRUE,2019,39,Higher baseline burden,10.802516365121223
Canada,CAN,1984,7,2020,1989,1993,5,TRUE,1993,9,Lower baseline burden,3
Cape Verde,CPV,1980,119,2020,1989,1993,5,TRUE,1993,13,Middle baseline burden,6.906890595608519
Central African Republic,CAF,1980,147,2020,2012,2016,5,TRUE,2016,36,Middle baseline burden,7.20945336562895
Chad,TCD,1983,168,2020,2014,2018,5,TRUE,2018,35,Middle baseline burden,7.400879436282184
Chile,CHL,1986,21,2020,1987,1991,5,TRUE,1991,5,Lower baseline burden,4.459431618637297
China,CHN,1980,52094,2020,2005,2009,5,TRUE,2009,29,Higher baseline burden,15.66885729099061
Colombia,COL,1980,903,2020,1992,1996,5,TRUE,1996,16,Higher baseline burden,9.820178962415188
Comoros,COM,1980,21,2020,1984,1988,5,TRUE,1988,8,Lower baseline burden,4.459431618637297
Congo,COG,1980,952,2020,1989,1993,5,TRUE,1993,13,Higher baseline burden,9.896332403909941
Cote d'Ivoire,CIV,1980,329,2020,2012,2016,5,TRUE,2016,36,Middle baseline burden,8.366322214245816
Cyprus,CYP,1991,7,2020,1996,2000,5,TRUE,2000,9,Lower baseline burden,3
Democratic Republic of Congo,COD,1980,1841,2020,2001,2005,5,TRUE,2005,25,Higher baseline burden,10.847057346091336
Denmark,DNK,1981,7,2020,1984,1988,5,TRUE,1988,7,Lower baseline burden,3
Djibouti,DJI,1981,280,2020,1993,1997,5,TRUE,1997,16,Middle baseline burden,8.134426320220927
Dominican Republic,DOM,1980,1036,2020,1989,1993,5,TRUE,1993,13,Higher baseline burden,10.018200178813226
Ecuador,ECU,1980,77,2020,1991,1995,5,TRUE,1995,15,Middle baseline burden,6.285402218862249
Egypt,EGY,1980,14042,2020,2005,2009,5,TRUE,2009,29,Higher baseline burden,13.77756355043311
El Salvador,SLV,1980,385,2020,1989,1993,5,TRUE,1993,13,Middle baseline burden,8.59245703726808
Equatorial Guinea,GNQ,1984,119,2020,1993,1997,5,TRUE,1997,13,Middle baseline burden,6.906890595608519
Eritrea,ERI,1994,161,2020,2006,2010,5,TRUE,2010,16,Middle baseline burden,7.339850002884624
Eswatini,SWZ,1980,1344,2020,1990,1994,5,TRUE,1994,14,Higher baseline burden,10.393390457443987
Ethiopia,ETH,1980,1638,2020,NA,NA,5,FALSE,2020,40,Higher baseline burden,10.678600139099458
Finland,FIN,1984,49,2020,1986,1990,5,TRUE,1990,6,Lower baseline burden,5.643856189774724
France,FRA,1980,70,2020,1990,1994,5,TRUE,1994,14,Middle baseline burden,6.149747119504682
Gabon,GAB,1980,490,2020,1999,2003,5,TRUE,2003,23,Middle baseline burden,8.939579214314692
Gambia,GMB,1980,7,2020,2001,2005,5,TRUE,2005,25,Lower baseline burden,3
Georgia,GEO,1991,42,2020,1992,1996,5,TRUE,1996,5,Lower baseline burden,5.426264754702098
Germany,DEU,1980,49,2020,1993,1997,5,TRUE,1997,17,Lower baseline burden,5.643856189774724
Ghana,GHA,1980,1015,2020,2009,2013,5,TRUE,2013,33,Higher baseline burden,9.988684686772165
Greece,GRC,1981,14,2020,1983,1987,5,TRUE,1987,6,Lower baseline burden,3.9068905956085187
Guatemala,GTM,1980,2009,2020,1991,1995,5,TRUE,1995,15,Higher baseline burden,10.972979786066292
Guinea,GIN,1980,224,2020,NA,NA,5,FALSE,2020,40,Middle baseline burden,7.813781191217037
Guinea-Bissau,GNB,1980,21,2020,1991,1995,5,TRUE,1995,15,Lower baseline burden,4.459431618637297
Haiti,HTI,1980,140,2020,1990,1994,5,TRUE,1994,14,Middle baseline burden,7.139551352398794
Honduras,HND,1980,21,2020,1990,1994,5,TRUE,1994,14,Lower baseline burden,4.459431618637297
Hungary,HUN,1980,7,2020,1985,1989,5,TRUE,1989,9,Lower baseline burden,3
India,IND,1980,132825,2020,2012,2016,5,TRUE,2016,36,Higher baseline burden,17.01917804882965
Indonesia,IDN,1980,1274,2020,2007,2011,5,TRUE,2011,31,Higher baseline burden,10.31628153174622
Iran,IRN,1980,560,2020,2001,2005,5,TRUE,2005,25,Higher baseline burden,9.131856960608793
Iraq,IRQ,1980,6979,2020,2001,2005,5,TRUE,2005,25,Higher baseline burden,12.769011321097015
Ireland,IRL,1980,7,2020,1983,1987,5,TRUE,1987,7,Lower baseline burden,3
Israel,ISR,1980,77,2020,1989,1993,5,TRUE,1993,13,Middle baseline burden,6.285402218862249
Italy,ITA,1980,7,2020,1989,1993,5,TRUE,1993,13,Lower baseline burden,3
Jamaica,JAM,1982,420,2010,1983,1987,5,TRUE,1987,5,Middle baseline burden,8.717676423066395
Japan,JPN,1980,28,2020,1983,1987,5,TRUE,1987,7,Lower baseline burden,4.857980995127572
Jordan,JOR,1980,105,2020,1995,1999,5,TRUE,1999,19,Middle baseline burden,6.727920454563199
Kazakhstan,KAZ,1991,35,2020,1996,2000,5,TRUE,2000,9,Lower baseline burden,5.169925001442312
Kenya,KEN,1980,3185,2020,2000,2004,5,TRUE,2004,24,Higher baseline burden,11.63753055152531
Kuwait,KWT,1980,224,2020,1986,1990,5,TRUE,1990,10,Middle baseline burden,7.813781191217037
Kyrgyzstan,KGZ,1991,28,2020,1993,1997,5,TRUE,1997,6,Lower baseline burden,4.857980995127572
Laos,LAO,1980,8162,2020,1997,2001,5,TRUE,2001,21,Higher baseline burden,12.994883741970835
Lebanon,LBN,1981,7,2020,1995,1999,5,TRUE,1999,18,Lower baseline burden,3
Lesotho,LSO,1980,252,2020,1988,1992,5,TRUE,1992,12,Middle baseline burden,7.98299357469431
Liberia,LBR,1980,686,2020,2000,2004,5,TRUE,2004,24,Higher baseline burden,9.4241662888181
Libya,LBY,1980,210,2020,1992,1996,5,TRUE,1996,16,Middle baseline burden,7.721099188707185
Madagascar,MDG,1980,476,2020,2006,2010,5,TRUE,2010,30,Middle baseline burden,8.897845456005511
Malawi,MWI,1980,490,2020,1992,1996,5,TRUE,1996,16,Middle baseline burden,8.939579214314692
Malaysia,MYS,1980,35,2020,1986,1990,5,TRUE,1990,10,Lower baseline burden,5.169925001442312
Maldives,MDV,1980,7,2020,1981,1985,5,TRUE,1985,5,Lower baseline burden,3
Mali,MLI,1980,1638,2020,2012,2016,5,TRUE,2016,36,Higher baseline burden,10.678600139099458
Marshall Islands,MHL,1987,7,2010,1988,1992,5,TRUE,1992,5,Lower baseline burden,3
Mauritania,MRT,1980,1113,2020,2002,2006,5,TRUE,2006,26,Higher baseline burden,10.121533517340032
Mexico,MEX,1980,4774,2020,1991,1995,5,TRUE,1995,15,Higher baseline burden,12.221285017810473
Moldova,MDA,1991,21,2020,1997,2001,5,TRUE,2001,10,Lower baseline burden,4.459431618637297
Mongolia,MNG,1982,518,2020,1994,1998,5,TRUE,1998,16,Higher baseline burden,9.019590728357882
Morocco,MAR,1980,364,2020,1990,1994,5,TRUE,1994,14,Middle baseline burden,8.51175265376738
Mozambique,MOZ,1980,455,2020,2001,2005,5,TRUE,2005,25,Middle baseline burden,8.832890014164741
Myanmar,MMR,1980,1708,2020,2001,2005,5,TRUE,2005,25,Higher baseline burden,10.73893668167614
Namibia,NAM,1989,7,2020,2000,2004,5,TRUE,2004,15,Lower baseline burden,3
Nauru,NRU,1986,7,2010,1987,1991,5,TRUE,1991,5,Lower baseline burden,3
Nepal,NPL,1980,364,2020,2011,2015,5,TRUE,2015,35,Middle baseline burden,8.51175265376738
Netherlands,NLD,1981,7,2020,1985,1989,5,TRUE,1989,8,Lower baseline burden,3
Nicaragua,NIC,1980,147,2020,1982,1986,5,TRUE,1986,6,Middle baseline burden,7.20945336562895
Niger,NER,1980,2177,2020,NA,NA,5,FALSE,2020,40,Higher baseline burden,11.088788238716907
Nigeria,NGA,1980,5712,2020,NA,NA,5,FALSE,2020,40,Higher baseline burden,12.480032814583948
North Korea,PRK,1987,266,2020,1997,2001,5,TRUE,2001,14,Middle baseline burden,8.060695931687555
Norway,NOR,1981,7,2020,1983,1987,5,TRUE,1987,6,Lower baseline burden,3
Oman,OMN,1980,259,2020,1994,1998,5,TRUE,1998,18,Middle baseline burden,8.022367813028454
Pakistan,PAK,1980,20860,2020,NA,NA,5,FALSE,2020,40,Higher baseline burden,14.348520696585535
Papua New Guinea,PNG,1980,154,2020,1995,1999,5,TRUE,1999,19,Middle baseline burden,7.2761244052742375
Paraguay,PRY,1980,49,2020,1989,1993,5,TRUE,1993,13,Middle baseline burden,5.643856189774724
Peru,PER,1980,1274,2020,1992,1996,5,TRUE,1996,16,Higher baseline burden,10.31628153174622
Philippines,PHL,1980,3024,2020,2002,2006,5,TRUE,2006,26,Higher baseline burden,11.56271942704932
Poland,POL,1980,21,2020,1985,1989,5,TRUE,1989,9,Lower baseline burden,4.459431618637297
Portugal,PRT,1982,7,2020,1988,1992,5,TRUE,1992,10,Lower baseline burden,3
Qatar,QAT,1980,14,2020,1991,1995,5,TRUE,1995,15,Lower baseline burden,3.9068905956085187
Romania,ROU,1980,875,2020,1996,2000,5,TRUE,2000,20,Higher baseline burden,9.774787059601174
Russia,RUS,1991,119,2020,1997,2001,5,TRUE,2001,10,Middle baseline burden,6.906890595608519
Rwanda,RWA,1980,168,2020,2000,2004,5,TRUE,2004,24,Middle baseline burden,7.400879436282184
Sao Tome and Principe,STP,1980,28,2020,1984,1988,5,TRUE,1988,8,Lower baseline burden,4.857980995127572
Saudi Arabia,SAU,1980,1799,2020,1999,2003,5,TRUE,2003,23,Higher baseline burden,10.813781191217037
Senegal,SEN,1980,966,2020,1999,2003,5,TRUE,2003,23,Higher baseline burden,9.917372079476841
Serbia,SRB,1980,28,2020,1997,2001,5,TRUE,2001,21,Lower baseline burden,4.857980995127572
Sierra Leone,SLE,1980,77,2020,2001,2005,5,TRUE,2005,25,Middle baseline burden,6.285402218862249
Singapore,SGP,1980,7,2020,1987,1991,5,TRUE,1991,11,Lower baseline burden,3
Somalia,SOM,1983,490,2020,NA,NA,5,FALSE,2020,37,Middle baseline burden,8.939579214314692
South Africa,ZAF,1980,784,2020,1991,1995,5,TRUE,1995,15,Higher baseline burden,9.61654884377899
South Korea,KOR,1980,98,2020,1984,1988,5,TRUE,1988,8,Middle baseline burden,6.6293566200796095
South Sudan,SSD,2014,2,2020,2015,2019,5,TRUE,2019,5,Lower baseline burden,1.584962500721156
Spain,ESP,1980,119,2020,1990,1994,5,TRUE,1994,14,Middle baseline burden,6.906890595608519
Sri Lanka,LKA,1980,1848,2020,1994,1998,5,TRUE,1998,18,Higher baseline burden,10.852529509404196
Sudan,SDN,1980,29057,2020,2010,2014,5,TRUE,2014,34,Higher baseline burden,14.82664778832278
Suriname,SUR,1982,7,2010,1983,1987,5,TRUE,1987,5,Lower baseline burden,3
Sweden,SWE,1992,7,2020,1993,1997,5,TRUE,1997,5,Lower baseline burden,3
Switzerland,CHE,1980,7,2020,1985,1989,5,TRUE,1989,9,Lower baseline burden,3
Syria,SYR,1980,2184,2020,2000,2004,5,TRUE,2004,24,Higher baseline burden,11.093417564387961
Tajikistan,TJK,1991,805,2020,1998,2002,5,TRUE,2002,11,Higher baseline burden,9.654636028527968
Tanzania,TZA,1980,637,2020,1999,2003,5,TRUE,2003,23,Higher baseline burden,9.31741261376487
Thailand,THA,1980,2100,2020,2001,2005,5,TRUE,2005,25,Higher baseline burden,11.036860446673046
Togo,TGO,1980,1246,2020,2010,2014,5,TRUE,2014,34,Higher baseline burden,10.28424574982967
Tunisia,TUN,1980,105,2020,1993,1997,5,TRUE,1997,17,Middle baseline burden,6.727920454563199
Turkey,TUR,1980,1274,2020,1999,2003,5,TRUE,2003,23,Higher baseline burden,10.31628153174622
Turkmenistan,TKM,1991,112,2020,1997,2001,5,TRUE,2001,10,Middle baseline burden,6.820178962415188
Uganda,UGA,1980,259,2020,1999,2003,5,TRUE,2003,23,Middle baseline burden,8.022367813028454
Ukraine,UKR,1991,21,2020,1997,2001,5,TRUE,2001,10,Lower baseline burden,4.459431618637297
United Arab Emirates,ARE,1980,336,2020,1993,1997,5,TRUE,1997,17,Middle baseline burden,8.396604781181859
United Kingdom,GBR,1980,21,2020,1994,1998,5,TRUE,1998,18,Lower baseline burden,4.459431618637297
United States,USA,1980,56,2020,1987,1991,5,TRUE,1991,11,Middle baseline burden,5.832890014164741
Uzbekistan,UZB,1991,140,2020,1996,2000,5,TRUE,2000,9,Middle baseline burden,7.139551352398794
Vanuatu,VUT,1980,14,2010,1983,1987,5,TRUE,1987,7,Lower baseline burden,3.9068905956085187
Venezuela,VEN,1980,77,2020,1990,1994,5,TRUE,1994,14,Middle baseline burden,6.285402218862249
Vietnam,VNM,1980,12187,2020,1998,2002,5,TRUE,2002,22,Higher baseline burden,13.573173784686485
Yemen,YEM,1980,5054,2020,2000,2004,5,TRUE,2004,24,Higher baseline burden,12.303495376790377
Zambia,ZMB,1980,1932,2020,2003,2007,5,TRUE,2007,27,Higher baseline burden,10.916625922211235
Zimbabwe,ZWE,1980,224,2020,2000,2004,5,TRUE,2004,24,Middle baseline burden,7.813781191217037
