segment,year,total_estimated_cases,log10_cases,fitted_log10,fitted_cases
segment1,1980,368410,5.566332588864608,5.697321169405157,498104.30758779007
segment1,1981,460159,5.66290886436677,5.636078485944184,432591.0022423211
segment1,1982,361396,5.557984543109104,5.574835802483211,375694.33500912966
segment1,1983,279811,5.446866335681293,5.513593119022238,326281.0024780697
segment1,1984,245588,5.3902089107334366,5.452350435561264,283366.7589808562
segment1,1985,269381,5.430368572968842,5.391107752100291,246096.8117701408
segment1,1986,229922,5.3615824174348345,5.329865068639318,213728.79472284726
segment1,1987,277781,5.443704100458668,5.268622385178345,185617.9814273386
segment1,1988,241624,5.38314186703661,5.207379701717372,161204.4431194359
segment1,1989,155499,5.191730393362857,5.1461370182563995,140001.89567102568
segment1,1990,131538,5.119054535895347,5.084894334795426,121588.01347859553
segment1,1991,81574,4.911557082459913,5.023651651334453,105596.01731767601
segment1,1992,100113,5.000494813719108,4.96240896787348,91707.3686048044
segment1,1993,73500,4.866293247812461,4.901166284412507,79645.42454675508
segment1,1994,60662,4.782923883904567,4.839923600951534,69169.92779632792
segment1,1995,49301,4.692864537357267,4.7786809174905605,60072.220856211585
segment2,1996,4517,3.6549462265843444,3.776863001096821,5981.228549166788
segment2,1997,5755,3.7601207852645677,3.7204696168007554,5252.752586229277
segment2,1998,7044,3.847880997445375,3.6640762325046894,4612.985575852867
segment2,1999,7925,3.8990540679981707,3.607682848208624,4051.1251324204013
segment2,2000,3297,3.5182506513085,3.551289463912558,3557.6843129126937
segment2,2001,878,2.9439888750737717,3.4948960796164923,3124.3314310672204
segment2,2002,3565,3.5521813388393357,3.4385026953204263,2743.7493779019856
segment2,2003,1138,3.0565237240791006,3.3821093110243607,2409.5120732493947
segment2,2004,1475,3.1690863574870227,3.3257159267282947,2115.9759621997023
segment2,2005,2696,3.4308809464528913,3.269322542432229,1858.1847243851944
segment2,2006,2245,3.351409751925439,3.212929158136163,1631.7855871332642
segment2,2007,1541,3.188084373714938,3.156535773840097,1432.9558294465455
segment2,2008,1926,3.284881714655453,3.1001423895440317,1258.3382358389888
segment2,2009,2020,3.305566313515304,3.0437490052479657,1104.9844101740334
segment2,2010,1988,3.2986347831244354,2.9873556209519,970.304992366163
segment2,2011,826,2.9175055095525466,2.930962236655834,852.0259373610663
segment2,2012,325,2.513217600067939,2.8745688523597686,748.1501181705196
segment2,2013,565,2.7528164311882715,2.8181754680637026,656.9236046340156
segment2,2014,469,2.6720978579357175,2.761782083767637,576.8060485283002
segment3,2015,139,2.146128035678238,1.7387861748027267,53.800708680973166
segment3,2016,49,1.6989700043360187,2.0009499283887813,99.21896848133062
segment3,2017,131,2.12057393120585,2.263113681974836,182.27941162098813
segment3,2018,203,2.3096301674258988,2.5252774355608905,334.1794898028031
segment3,2019,656,2.8175653695597807,2.7874411891469446,611.9727795983503
segment3,2020,1871,3.2723058444020863,3.049604942732999,1119.9982709550202
