entity,code
Africa,NA
African Region (WHO),NA
Americas,NA
Asia,NA
East Asia & Pacific (WB),NA
Eastern Mediterranean,NA
Eastern Mediterranean Region (WHO),NA
England,NA
Europe,NA
Europe & Central Asia (WB),NA
European Region (WHO),NA
G20,NA
High Income (WB),NA
Latin America & Caribbean (WB),NA
Low Income (WB),NA
Lower Middle Income (WB),NA
Middle East & North Africa (WB),NA
Middle Income (WB),NA
North America,NA
North America (WB),NA
Northern Ireland,NA
OECD Countries,NA
Oceania,NA
Region of the Americas (WHO),NA
Scotland,NA
Serbia and Montenegro,OWID_SRM
Serbia and Montenegro (former),NA
South America,NA
South Asia (WB),NA
South-East Asia,NA
South-East Asia Region (WHO),NA
Sub-Saharan Africa (WB),NA
Wales,NA
Western Pacific,NA
Western Pacific Region (WHO),NA
World,OWID_WRL
Yugoslavia,OWID_YGS
