Entity,Code,Year,Total (estimated) polio cases
World,OWID_WRL,1981,460159
World,OWID_WRL,1980,368410
World,OWID_WRL,1982,361396
World,OWID_WRL,1983,279811
South-East Asia,NA,1981,279552
World,OWID_WRL,1987,277781
World,OWID_WRL,1985,269381
India,IND,1981,266630
World,OWID_WRL,1984,245588
World,OWID_WRL,1988,241624
World,OWID_WRL,1986,229922
South-East Asia,NA,1987,208292
India,IND,1987,197848
South-East Asia,NA,1982,192948
India,IND,1982,184079
South-East Asia,NA,1983,177310
South-East Asia,NA,1988,176771
India,IND,1983,172641
India,IND,1988,166600
South-East Asia,NA,1984,165956
India,IND,1984,161749
South-East Asia,NA,1985,160748
India,IND,1985,157990
World,OWID_WRL,1989,155499
South-East Asia,NA,1986,143794
