entity,code,sustained_zero_start_year,sustained_zero_confirmed_year,last_post_endpoint_year,post_endpoint_followup_years,recurrence,first_recurrence_year,recurrence_followup_time
Belgium,BEL,1984,1988,2020,32,TRUE,1989,1
Greece,GRC,1983,1987,2020,33,TRUE,1990,3
Albania,ALB,1986,1990,2020,30,TRUE,1991,1
Malaysia,MYS,1986,1990,2020,30,TRUE,1992,2
Netherlands,NLD,1985,1989,2020,31,TRUE,1992,3
Norway,NOR,1983,1987,2020,33,TRUE,1992,5
Bahrain,BHR,1982,1986,2020,34,TRUE,1993,7
France,FRA,1990,1994,2020,25,TRUE,1995,1
Botswana,BWA,1990,1994,2020,26,TRUE,1997,3
Guinea-Bissau,GNB,1991,1995,2020,24,TRUE,1997,2
Malawi,MWI,1992,1996,2020,24,TRUE,1997,1
Bhutan,BTN,1989,1993,2020,26,TRUE,1998,5
Lesotho,LSO,1988,1992,2020,28,TRUE,1998,6
South Africa,ZAF,1991,1995,2020,25,TRUE,1998,3
Congo,COG,1989,1993,2020,27,TRUE,1999,6
Djibouti,DJI,1993,1997,2020,23,TRUE,1999,2
Equatorial Guinea,GNQ,1993,1997,2020,22,TRUE,1999,2
Cape Verde,CPV,1989,1993,2020,27,TRUE,2000,7
Dominican Republic,DOM,1989,1993,2020,27,TRUE,2000,7
Haiti,HTI,1990,1994,2020,26,TRUE,2000,6
Bulgaria,BGR,1992,1996,2020,24,TRUE,2001,5
Georgia,GEO,1992,1996,2020,24,TRUE,2001,5
Lebanon,LBN,1995,1999,2020,21,TRUE,2003,4
Saudi Arabia,SAU,1999,2003,2020,17,TRUE,2004,1
Cambodia,KHM,1998,2002,2020,18,TRUE,2005,3
Yemen,YEM,2000,2004,2020,16,TRUE,2005,1
Bangladesh,BGD,2001,2005,2020,15,TRUE,2006,1
Democratic Republic of Congo,COD,2001,2005,2020,15,TRUE,2006,1
Kenya,KEN,2000,2004,2020,16,TRUE,2006,2
Myanmar,MMR,2001,2005,2020,15,TRUE,2006,1
Namibia,NAM,2000,2004,2020,16,TRUE,2006,2
Burundi,BDI,2000,2004,2020,16,TRUE,2009,5
Liberia,LBR,2000,2004,2020,16,TRUE,2009,5
Mauritania,MRT,2002,2006,2020,14,TRUE,2009,3
Sierra Leone,SLE,2001,2005,2020,15,TRUE,2009,4
Uganda,UGA,1999,2003,2020,17,TRUE,2009,6
Kazakhstan,KAZ,1996,2000,2020,20,TRUE,2010,10
Russia,RUS,1997,2001,2020,19,TRUE,2010,9
Senegal,SEN,1999,2003,2020,17,TRUE,2010,7
Tajikistan,TJK,1998,2002,2020,18,TRUE,2010,8
Turkmenistan,TKM,1997,2001,2020,19,TRUE,2010,9
China,CHN,2005,2009,2020,11,TRUE,2011,2
Gabon,GAB,1999,2003,2020,17,TRUE,2011,8
Mozambique,MOZ,2001,2005,2020,15,TRUE,2011,6
Syria,SYR,2000,2004,2020,16,TRUE,2013,9
Iraq,IRQ,2001,2005,2020,15,TRUE,2014,9
Madagascar,MDG,2006,2010,2020,10,TRUE,2014,4
Laos,LAO,1997,2001,2020,19,TRUE,2015,14
Ukraine,UKR,1997,2001,2020,19,TRUE,2015,14
Indonesia,IDN,2007,2011,2020,9,TRUE,2018,7
Papua New Guinea,PNG,1995,1999,2020,21,TRUE,2018,19
Angola,AGO,2012,2016,2020,4,TRUE,2019,3
Benin,BEN,2010,2014,2020,6,TRUE,2019,5
Burkina Faso,BFA,2010,2014,2020,6,TRUE,2019,5
Central African Republic,CAF,2012,2016,2020,4,TRUE,2019,3
Chad,TCD,2014,2018,2020,2,TRUE,2019,1
Ghana,GHA,2009,2013,2020,7,TRUE,2019,6
Philippines,PHL,2002,2006,2020,14,TRUE,2019,13
Togo,TGO,2010,2014,2020,6,TRUE,2019,5
Zambia,ZMB,2003,2007,2020,13,TRUE,2019,12
Cameroon,CMR,2015,2019,2020,1,TRUE,2020,1
Cote d'Ivoire,CIV,2012,2016,2020,4,TRUE,2020,4
Mali,MLI,2012,2016,2020,4,TRUE,2020,4
South Sudan,SSD,2015,2019,2020,1,TRUE,2020,1
Sudan,SDN,2010,2014,2020,6,TRUE,2020,6
