entity,code,first_observed_year,last_observed_year,years_observed,years_positive,years_zero,total_estimated_cases,maximum_annual_cases
India,IND,1980,2020,41,32,9,1964243,266630
China,CHN,1980,2020,41,22,19,265030,67375
Pakistan,PAK,1980,2020,41,41,0,172339,30338
Nigeria,NGA,1980,2020,41,40,1,95181,13111
Vietnam,VNM,1980,2020,41,18,23,93831,12187
Egypt,EGY,1980,2020,41,25,16,86013,15071
Afghanistan,AFG,1980,2020,37,36,1,74904,13937
Kenya,KEN,1980,2020,41,23,18,47299,11816
Cambodia,KHM,1980,2020,41,20,21,42673,6818
Sudan,SDN,1980,2020,41,28,13,38458,29057
Yemen,YEM,1980,2020,40,25,15,37298,5369
Indonesia,IDN,1980,2020,41,24,17,35663,8099
Philippines,PHL,1980,2020,41,20,21,27180,3899
Bangladesh,BGD,1980,2020,41,22,19,25927,3780
Iraq,IRQ,1980,2020,41,22,19,22228,6979
Brazil,BRA,1980,2020,41,10,31,20510,9394
Democratic Republic of Congo,COD,1980,2020,40,31,9,19340,5145
Laos,LAO,1980,2020,40,18,22,19134,8162
Ethiopia,ETH,1980,2020,41,32,9,17593,2695
Zambia,ZMB,1980,2020,40,21,19,15765,3003
Mali,MLI,1980,2020,41,27,14,15224,2114
Myanmar,MMR,1980,2020,41,25,16,13142,2128
Cameroon,CMR,1980,2020,41,28,13,12544,2331
Niger,NER,1980,2020,41,37,4,12184,2177
Mexico,MEX,1980,2020,41,11,30,11781,4774
Tanzania,TZA,1980,2020,40,18,22,11126,4046
Ghana,GHA,1980,2020,41,25,16,10268,1295
Thailand,THA,1980,2020,41,21,20,9205,2100
Iran,IRN,1980,2020,41,21,20,9039,1344
Senegal,SEN,1980,2020,41,20,21,8846,1904
Benin,BEN,1980,2020,41,27,14,8735,1505
South Africa,ZAF,1980,2020,41,13,28,8617,3367
Peru,PER,1980,2020,41,12,29,8519,1715
Syria,SYR,1980,2020,41,19,22,7924,2184
Guinea,GIN,1980,2020,41,26,15,7834,1785
Turkey,TUR,1980,2020,41,17,24,7533,1533
Colombia,COL,1980,2020,41,12,29,7504,3325
Burkina Faso,BFA,1980,2020,41,26,15,7334,1015
Togo,TGO,1980,2020,41,25,16,6391,1246
Central African Republic,CAF,1980,2020,41,28,13,6331,1232
Uganda,UGA,1980,2020,37,17,20,6278,2485
Sri Lanka,LKA,1980,2020,41,14,27,5936,1848
Guatemala,GTM,1980,2020,41,11,30,5677,2009
Saudi Arabia,SAU,1980,2020,41,18,23,5633,1799
Mauritania,MRT,1980,2020,41,21,20,5530,1113
Angola,AGO,1980,2020,40,25,15,5075,1224
Algeria,DZA,1980,2020,41,18,23,4991,924
Madagascar,MDG,1980,2020,41,24,17,3711,511
Sierra Leone,SLE,1980,2020,40,21,19,3625,931
Chad,TCD,1983,2020,31,23,8,3261,1344
Somalia,SOM,1983,2020,31,26,5,3196,1085
Burundi,BDI,1980,2020,41,19,22,3099,714
Cote d'Ivoire,CIV,1980,2020,38,24,14,2991,819
Malawi,MWI,1980,2020,41,14,27,2990,602
Nepal,NPL,1980,2020,41,26,15,2917,532
Romania,ROU,1980,2020,41,12,29,2800,875
Haiti,HTI,1980,2020,41,12,29,2745,882
Gambia,GMB,1980,2020,40,11,29,2724,2387
El Salvador,SLV,1980,2020,41,9,32,2618,616
Libya,LBY,1980,2020,41,12,29,2478,1218
Congo,COG,1980,2020,41,14,27,2434,952
Morocco,MAR,1980,2020,41,9,32,2156,623
Oman,OMN,1980,2020,41,12,29,2147,567
Dominican Republic,DOM,1980,2020,41,10,31,2137,1036
Eswatini,SWZ,1980,2020,40,9,31,2051,1344
Djibouti,DJI,1981,2020,37,9,28,1919,1225
Guinea-Bissau,GNB,1980,2020,40,11,29,1905,1113
Mozambique,MOZ,1980,2020,41,18,23,1852,455
Zimbabwe,ZWE,1980,2020,41,16,25,1796,644
Gabon,GAB,1980,2020,35,14,21,1740,490
Venezuela,VEN,1980,2020,41,10,31,1687,476
Tajikistan,TJK,1991,2020,30,7,23,1633,805
Uzbekistan,UZB,1991,2020,30,5,25,1519,819
United Arab Emirates,ARE,1980,2020,40,9,31,1407,406
Rwanda,RWA,1980,2020,41,15,26,1392,266
Russia,RUS,1991,2020,30,7,23,1375,1078
Lesotho,LSO,1980,2020,41,9,32,1228,252
Papua New Guinea,PNG,1980,2020,41,13,28,1221,182
Liberia,LBR,1980,2020,39,16,23,1106,686
Paraguay,PRY,1980,2020,41,7,34,1071,518
Tunisia,TUN,1980,2020,41,11,30,1043,280
Azerbaijan,AZE,1991,2020,30,5,25,931,483
Honduras,HND,1980,2020,41,10,31,882,406
Mongolia,MNG,1980,2020,40,9,31,777,518
Cape Verde,CPV,1980,2020,41,10,31,741,336
Spain,ESP,1980,2020,41,9,32,714,189
Bolivia,BOL,1980,2020,41,8,33,616,336
Ecuador,ECU,1980,2020,41,9,32,602,140
Namibia,NAM,1989,2020,32,9,23,548,371
Argentina,ARG,1980,2020,41,6,35,525,224
Netherlands,NLD,1980,2020,41,5,36,518,448
Nicaragua,NIC,1980,2020,41,2,39,469,322
Bulgaria,BGR,1980,2020,41,7,34,457,322
Jordan,JOR,1980,2020,41,11,30,434,126
Serbia,SRB,1980,2020,41,14,27,433,84
United States,USA,1980,2020,41,7,34,427,105
Jamaica,JAM,1980,2010,30,1,29,420,420
Lebanon,LBN,1981,2020,38,9,29,408,280
Bhutan,BTN,1980,2020,39,6,33,401,252
Germany,DEU,1980,2020,41,10,31,385,133
North Korea,PRK,1980,2020,40,4,36,378,266
Kuwait,KWT,1980,2020,41,5,36,357,224
France,FRA,1980,2020,40,11,29,343,98
Israel,ISR,1980,2020,41,8,33,343,112
Eritrea,ERI,1994,2020,27,6,21,295,161
Equatorial Guinea,GNQ,1984,2020,36,8,28,291,119
Turkmenistan,TKM,1991,2020,30,7,23,257,112
Ukraine,UKR,1991,2020,30,7,23,248,98
United Kingdom,GBR,1980,2020,41,10,31,217,42
Sao Tome and Principe,STP,1980,2020,41,4,37,210,70
Albania,ALB,1980,2020,41,6,35,188,153
Malaysia,MYS,1980,2020,41,10,31,178,35
South Korea,KOR,1980,2020,39,4,35,161,98
Botswana,BWA,1980,2020,41,11,30,144,35
Kazakhstan,KAZ,1991,2020,30,6,24,120,42
Poland,POL,1980,2020,41,5,36,112,42
South Sudan,SSD,2000,2020,12,2,10,102,100
Bahrain,BHR,1980,2020,41,3,38,91,42
Armenia,ARM,1991,2020,30,4,26,84,35
Qatar,QAT,1980,2020,41,5,36,77,28
Comoros,COM,1980,2020,41,2,39,63,42
Kyrgyzstan,KGZ,1991,2020,30,2,28,63,35
Greece,GRC,1980,2020,41,5,36,62,28
Finland,FIN,1980,2020,41,2,39,56,49
Italy,ITA,1980,2020,41,6,35,56,21
Japan,JPN,1980,2020,40,3,37,49,28
Georgia,GEO,1991,2020,30,2,28,44,42
Singapore,SGP,1980,2020,40,4,36,42,14
Switzerland,CHE,1980,2020,41,4,37,42,21
Moldova,MDA,1991,2020,30,4,26,36,21
Canada,CAN,1980,2020,41,3,38,35,21
Vanuatu,VUT,1980,2010,30,3,27,35,14
Belarus,BLR,1991,2020,30,3,27,28,14
Belgium,BEL,1980,2020,41,3,38,28,14
Hungary,HUN,1980,2020,41,4,37,28,7
Belize,BLZ,1980,2010,30,1,29,21,21
Chile,CHL,1980,2020,41,1,40,21,21
Norway,NOR,1980,2020,41,3,38,21,7
Cyprus,CYP,1980,2020,41,2,39,14,7
Denmark,DNK,1980,2020,41,2,39,14,7
Ireland,IRL,1980,2020,41,2,39,14,7
Portugal,PRT,1980,2020,41,2,39,14,7
Australia,AUS,1980,2020,41,1,40,7,7
Austria,AUT,1980,2020,41,1,40,7,7
Maldives,MDV,1980,2020,41,1,40,7,7
Marshall Islands,MHL,1980,2010,30,1,29,7,7
Nauru,NRU,1980,2010,28,1,27,7,7
Suriname,SUR,1980,2010,30,1,29,7,7
Sweden,SWE,1980,2020,41,1,40,7,7
Andorra,AND,1999,2020,22,0,22,0,0
Antigua and Barbuda,ATG,1980,2010,30,0,30,0,0
Bahamas,BHS,1980,2010,30,0,30,0,0
Barbados,BRB,1980,2010,30,0,30,0,0
Bosnia and Herzegovina,BIH,1991,2020,30,0,30,0,0
Brunei,BRN,1980,2020,41,0,41,0,0
Cook Islands,COK,1980,2010,30,0,30,0,0
Costa Rica,CRI,1980,2020,41,0,41,0,0
Croatia,HRV,1991,2020,30,0,30,0,0
Cuba,CUB,1980,2020,41,0,41,0,0
Czechia,CZE,1991,2020,30,0,30,0,0
Dominica,DMA,1980,2010,30,0,30,0,0
East Timor,TLS,2002,2020,19,0,19,0,0
Estonia,EST,1991,2020,30,0,30,0,0
Fiji,FJI,1980,2012,30,0,30,0,0
Grenada,GRD,1980,2010,30,0,30,0,0
Guyana,GUY,1980,2010,30,0,30,0,0
Hong Kong,HKG,2001,2020,20,0,20,0,0
Iceland,ISL,1980,2020,41,0,41,0,0
Kiribati,KIR,1980,2010,30,0,30,0,0
Latvia,LVA,1991,2020,30,0,30,0,0
Lithuania,LTU,1991,2020,30,0,30,0,0
Luxembourg,LUX,1980,2020,40,0,40,0,0
Macao,MAC,2001,2020,20,0,20,0,0
Malta,MLT,1980,2020,41,0,41,0,0
Mauritius,MUS,1980,2020,41,0,41,0,0
Micronesia (country),FSM,1987,2010,22,0,22,0,0
Monaco,MCO,1980,2020,39,0,39,0,0
Montenegro,MNE,2006,2020,15,0,15,0,0
New Zealand,NZL,1980,2020,41,0,41,0,0
Niue,NIU,1980,2010,30,0,30,0,0
North Macedonia,MKD,1991,2020,30,0,30,0,0
Palau,PLW,1980,2010,30,0,30,0,0
Palestine,PSE,2001,2020,20,0,20,0,0
Panama,PAN,1980,2020,41,0,41,0,0
Reunion,REU,2007,2020,14,0,14,0,0
Saint Helena,SHN,2007,2020,14,0,14,0,0
Saint Kitts and Nevis,KNA,1980,2010,30,0,30,0,0
Saint Lucia,LCA,1980,2010,30,0,30,0,0
Saint Vincent and the Grenadines,VCT,1980,2010,30,0,30,0,0
Samoa,WSM,1980,2010,30,0,30,0,0
San Marino,SMR,1980,2020,38,0,38,0,0
Seychelles,SYC,1980,2020,41,0,41,0,0
Slovakia,SVK,1991,2020,30,0,30,0,0
Slovenia,SVN,1991,2020,30,0,30,0,0
Solomon Islands,SLB,1980,2010,30,0,30,0,0
Tonga,TON,1980,2010,30,0,30,0,0
Trinidad and Tobago,TTO,1980,2010,30,0,30,0,0
Tuvalu,TUV,1980,2010,29,0,29,0,0
Uruguay,URY,1980,2020,41,0,41,0,0
