time,recurrence_free_probability,lower,upper
1,0.9154929577464789,0.8708686106566406,0.9624039096453858
2,0.8661971830985915,0.8119742155329417,0.9240411156596579
3,0.8098591549295774,0.7478214784777554,0.8770433448345504
4,0.7746478873239436,0.7088872927211821,0.8465088251644977
5,0.7106861351595813,0.6397973764426931,0.7894292807455775
6,0.660435600350318,0.5867525536454143,0.7433715959141336
7,0.6245423612008442,0.5494847659425988,0.7098525475319039
8,0.6101850655410547,0.5347125852759532,0.6963101757127936
9,0.5814704742214756,0.5053898508603343,0.6690041594934691
10,0.5742918263915808,0.4981043313559707,0.6621325716288096
12,0.5669291106686118,0.49062332739615194,0.6551025982178442
13,0.5595663949456429,0.4831618336202371,0.6480531543776068
14,0.5448409634997049,0.4682968110646111,0.6338964274226715
19,0.5363278234450221,0.45954614973330615,0.625938296661192
