Entity,Code,first_year,last_year,years_observed,years_with_zero_cases,years_with_cases
Africa,NA,1980,2020,41,0,41
Eastern Mediterranean,NA,1980,2020,41,0,41
Pakistan,PAK,1980,2020,41,0,41
World,OWID_WRL,1980,2020,41,0,41
Nigeria,NGA,1980,2020,41,1,40
Niger,NER,1980,2020,41,4,37
Afghanistan,AFG,1980,2020,37,1,36
South-East Asia,NA,1980,2020,41,6,35
Ethiopia,ETH,1980,2020,41,9,32
India,IND,1980,2020,41,9,32
Democratic Republic of Congo,COD,1980,2020,40,9,31
Western Pacific,NA,1980,2020,41,11,30
Cameroon,CMR,1980,2020,41,13,28
Central African Republic,CAF,1980,2020,41,13,28
Sudan,SDN,1980,2020,41,13,28
Benin,BEN,1980,2020,41,14,27
Mali,MLI,1980,2020,41,14,27
Burkina Faso,BFA,1980,2020,41,15,26
Guinea,GIN,1980,2020,41,15,26
Nepal,NPL,1980,2020,41,15,26
Somalia,SOM,1983,2020,31,5,26
Angola,AGO,1980,2020,40,15,25
Egypt,EGY,1980,2020,41,16,25
Ghana,GHA,1980,2020,41,16,25
Myanmar,MMR,1980,2020,41,16,25
Togo,TGO,1980,2020,41,16,25
Yemen,YEM,1980,2020,40,15,25
Cote d'Ivoire,CIV,1980,2020,38,14,24
Indonesia,IDN,1980,2020,41,17,24
Madagascar,MDG,1980,2020,41,17,24
Chad,TCD,1983,2020,31,8,23
Europe,NA,1980,2020,41,18,23
Kenya,KEN,1980,2020,41,18,23
Bangladesh,BGD,1980,2020,41,19,22
China,CHN,1980,2020,41,19,22
Iraq,IRQ,1980,2020,41,19,22
Iran,IRN,1980,2020,41,20,21
Mauritania,MRT,1980,2020,41,20,21
Sierra Leone,SLE,1980,2020,40,19,21
Thailand,THA,1980,2020,41,20,21
Zambia,ZMB,1980,2020,40,19,21
Cambodia,KHM,1980,2020,41,21,20
Philippines,PHL,1980,2020,41,21,20
Senegal,SEN,1980,2020,41,21,20
Burundi,BDI,1980,2020,41,22,19
Syria,SYR,1980,2020,41,22,19
Algeria,DZA,1980,2020,41,23,18
Laos,LAO,1980,2020,40,22,18
Mozambique,MOZ,1980,2020,41,23,18
Saudi Arabia,SAU,1980,2020,41,23,18
Tanzania,TZA,1980,2020,40,22,18
Vietnam,VNM,1980,2020,41,23,18
Turkey,TUR,1980,2020,41,24,17
Uganda,UGA,1980,2020,37,20,17
Liberia,LBR,1980,2020,39,23,16
Zimbabwe,ZWE,1980,2020,41,25,16
Rwanda,RWA,1980,2020,41,26,15
Americas,NA,1980,2020,41,27,14
Congo,COG,1980,2020,41,27,14
Gabon,GAB,1980,2020,35,21,14
Malawi,MWI,1980,2020,41,27,14
Serbia,SRB,1980,2020,41,27,14
Sri Lanka,LKA,1980,2020,41,27,14
Papua New Guinea,PNG,1980,2020,41,28,13
South Africa,ZAF,1980,2020,41,28,13
Colombia,COL,1980,2020,41,29,12
Haiti,HTI,1980,2020,41,29,12
Libya,LBY,1980,2020,41,29,12
Oman,OMN,1980,2020,41,29,12
Peru,PER,1980,2020,41,29,12
Romania,ROU,1980,2020,41,29,12
Botswana,BWA,1980,2020,41,30,11
France,FRA,1980,2020,40,29,11
Gambia,GMB,1980,2020,40,29,11
Guatemala,GTM,1980,2020,41,30,11
Guinea-Bissau,GNB,1980,2020,40,29,11
Jordan,JOR,1980,2020,41,30,11
Mexico,MEX,1980,2020,41,30,11
Tunisia,TUN,1980,2020,41,30,11
Brazil,BRA,1980,2020,41,31,10
Cape Verde,CPV,1980,2020,41,31,10
Dominican Republic,DOM,1980,2020,41,31,10
Germany,DEU,1980,2020,41,31,10
Honduras,HND,1980,2020,41,31,10
Malaysia,MYS,1980,2020,41,31,10
United Kingdom,GBR,1980,2020,41,31,10
Venezuela,VEN,1980,2020,41,31,10
Djibouti,DJI,1981,2020,37,28,9
Ecuador,ECU,1980,2020,41,32,9
El Salvador,SLV,1980,2020,41,32,9
Eswatini,SWZ,1980,2020,40,31,9
Lebanon,LBN,1981,2020,38,29,9
Lesotho,LSO,1980,2020,41,32,9
Mongolia,MNG,1980,2020,40,31,9
Morocco,MAR,1980,2020,41,32,9
Namibia,NAM,1989,2020,32,23,9
Spain,ESP,1980,2020,41,32,9
United Arab Emirates,ARE,1980,2020,40,31,9
Bolivia,BOL,1980,2020,41,33,8
Equatorial Guinea,GNQ,1984,2020,36,28,8
Israel,ISR,1980,2020,41,33,8
Bulgaria,BGR,1980,2020,41,34,7
Paraguay,PRY,1980,2020,41,34,7
Russia,RUS,1991,2020,30,23,7
Tajikistan,TJK,1991,2020,30,23,7
Turkmenistan,TKM,1991,2020,30,23,7
Ukraine,UKR,1991,2020,30,23,7
United States,USA,1980,2020,41,34,7
Albania,ALB,1980,2020,41,35,6
Argentina,ARG,1980,2020,41,35,6
Bhutan,BTN,1980,2020,39,33,6
Eritrea,ERI,1994,2020,27,21,6
Italy,ITA,1980,2020,41,35,6
Kazakhstan,KAZ,1991,2020,30,24,6
Azerbaijan,AZE,1991,2020,30,25,5
Greece,GRC,1980,2020,41,36,5
Kuwait,KWT,1980,2020,41,36,5
Netherlands,NLD,1980,2020,41,36,5
Poland,POL,1980,2020,41,36,5
Qatar,QAT,1980,2020,41,36,5
Uzbekistan,UZB,1991,2020,30,25,5
Armenia,ARM,1991,2020,30,26,4
Hungary,HUN,1980,2020,41,37,4
Moldova,MDA,1991,2020,30,26,4
North Korea,PRK,1980,2020,40,36,4
Sao Tome and Principe,STP,1980,2020,41,37,4
Singapore,SGP,1980,2020,40,36,4
South Korea,KOR,1980,2020,39,35,4
Switzerland,CHE,1980,2020,41,37,4
Bahrain,BHR,1980,2020,41,38,3
Belarus,BLR,1991,2020,30,27,3
Belgium,BEL,1980,2020,41,38,3
Canada,CAN,1980,2020,41,38,3
Japan,JPN,1980,2020,40,37,3
Norway,NOR,1980,2020,41,38,3
Vanuatu,VUT,1980,2010,30,27,3
Comoros,COM,1980,2020,41,39,2
Cyprus,CYP,1980,2020,41,39,2
Denmark,DNK,1980,2020,41,39,2
Finland,FIN,1980,2020,41,39,2
Georgia,GEO,1991,2020,30,28,2
Ireland,IRL,1980,2020,41,39,2
Kyrgyzstan,KGZ,1991,2020,30,28,2
Nicaragua,NIC,1980,2020,41,39,2
Portugal,PRT,1980,2020,41,39,2
South Sudan,SSD,2000,2020,12,10,2
Australia,AUS,1980,2020,41,40,1
Austria,AUT,1980,2020,41,40,1
Belize,BLZ,1980,2010,30,29,1
Chile,CHL,1980,2020,41,40,1
Jamaica,JAM,1980,2010,30,29,1
Maldives,MDV,1980,2020,41,40,1
Marshall Islands,MHL,1980,2010,30,29,1
Nauru,NRU,1980,2010,28,27,1
Suriname,SUR,1980,2010,30,29,1
Sweden,SWE,1980,2020,41,40,1
Andorra,AND,1999,2020,22,22,0
Antigua and Barbuda,ATG,1980,2010,30,30,0
Bahamas,BHS,1980,2010,30,30,0
Barbados,BRB,1980,2010,30,30,0
Bosnia and Herzegovina,BIH,1991,2020,30,30,0
Brunei,BRN,1980,2020,41,41,0
Cook Islands,COK,1980,2010,30,30,0
Costa Rica,CRI,1980,2020,41,41,0
Croatia,HRV,1991,2020,30,30,0
Cuba,CUB,1980,2020,41,41,0
Czechia,CZE,1991,2020,30,30,0
Dominica,DMA,1980,2010,30,30,0
East Timor,TLS,2002,2020,19,19,0
Estonia,EST,1991,2020,30,30,0
Fiji,FJI,1980,2012,30,30,0
Grenada,GRD,1980,2010,30,30,0
Guyana,GUY,1980,2010,30,30,0
Hong Kong,HKG,2001,2020,20,20,0
Iceland,ISL,1980,2020,41,41,0
Kiribati,KIR,1980,2010,30,30,0
Latvia,LVA,1991,2020,30,30,0
Lithuania,LTU,1991,2020,30,30,0
Luxembourg,LUX,1980,2020,40,40,0
Macao,MAC,2001,2020,20,20,0
Malta,MLT,1980,2020,41,41,0
Mauritius,MUS,1980,2020,41,41,0
Micronesia (country),FSM,1987,2010,22,22,0
Monaco,MCO,1980,2020,39,39,0
Montenegro,MNE,2006,2020,15,15,0
New Zealand,NZL,1980,2020,41,41,0
Niue,NIU,1980,2010,30,30,0
North Macedonia,MKD,1991,2020,30,30,0
Palau,PLW,1980,2010,30,30,0
Palestine,PSE,2001,2020,20,20,0
Panama,PAN,1980,2020,41,41,0
Reunion,REU,2007,2020,14,14,0
Saint Helena,SHN,2007,2020,14,14,0
Saint Kitts and Nevis,KNA,1980,2010,30,30,0
Saint Lucia,LCA,1980,2010,30,30,0
Saint Vincent and the Grenadines,VCT,1980,2010,30,30,0
Samoa,WSM,1980,2010,30,30,0
San Marino,SMR,1980,2020,38,38,0
Serbia and Montenegro,OWID_SRM,2003,2005,3,3,0
Seychelles,SYC,1980,2020,41,41,0
Slovakia,SVK,1991,2020,30,30,0
Slovenia,SVN,1991,2020,30,30,0
Solomon Islands,SLB,1980,2010,30,30,0
Tonga,TON,1980,2010,30,30,0
Trinidad and Tobago,TTO,1980,2010,30,30,0
Tuvalu,TUV,1980,2010,29,29,0
Uruguay,URY,1980,2020,41,41,0
Yugoslavia,OWID_YGS,2001,2002,2,2,0
