year,entity,code,estimated_cases,burden_share_percent
1980,India,IND,132825,36.05358160744822
1980,China,CHN,52094,14.1402242067262
1980,Sudan,SDN,29057,7.887136614098422
1980,Pakistan,PAK,20860,5.662169865095953
1980,Egypt,EGY,14042,3.811514345430363
1990,India,IND,72856,55.38779668232754
1990,Nigeria,NGA,13111,9.96746187413523
1990,Kenya,KEN,10696,8.131490519849777
1990,China,CHN,5622,4.274050084386261
1990,Pakistan,PAK,5439,4.134926789216804
2000,Nigeria,NGA,708,21.474067333939946
2000,Democratic Republic of Congo,COD,669,20.291173794358507
2000,India,IND,294,8.9171974522293
2000,Pakistan,PAK,221,6.70306339096148
2000,Bangladesh,BGD,220,6.6727327873824684
2010,Congo,COG,882,44.36619718309859
2010,Tajikistan,TJK,511,25.704225352112676
2010,Pakistan,PAK,160,8.048289738430583
2010,Democratic Republic of Congo,COD,131,6.589537223340041
2010,Nigeria,NGA,53,2.665995975855131
2016,Pakistan,PAK,23,46.93877551020408
2016,Afghanistan,AFG,14,28.57142857142857
2016,Laos,LAO,6,12.244897959183673
2016,Nigeria,NGA,6,12.244897959183673
2020,Afghanistan,AFG,404,21.59273115980759
2020,Pakistan,PAK,243,12.987707108498128
2020,Chad,TCD,202,10.796365579903796
2020,Democratic Republic of Congo,COD,162,8.65847140566542
2020,Burkina Faso,BFA,130,6.948156066274719
