year,total_estimated_cases,n_entities_observed,n_entities_with_cases,HHI,effective_number_countries,top_country_share,top_three_share,top_five_share
1980,368410,161,112,0.16508151562236392,6.0576133931770615,36.05358160744822,58.08094242827284,67.55462663879916
1981,460159,161,105,0.3631829993111123,2.7534328476189853,57.94301534904239,79.17763207934648,83.06281089797223
1982,361396,161,108,0.29030694799082024,3.444629923330739,50.935538854884946,72.72022933292011,79.58278453552336
1983,279811,163,104,0.39277429821980675,2.5459914371494183,61.69914692417382,74.92557476296501,80.24916818852725
1984,245588,166,102,0.44010208520707667,2.272200095415318,65.86193136472465,73.79717250028503,78.7595485121423
1985,269381,163,96,0.35551436570150213,2.812825855930735,58.649273705272456,69.40727074292545,77.55892212145622
1986,229922,163,91,0.3859995139534897,2.5906768372783318,61.34689155452718,72.57200267916946,77.38537417037082
1987,277781,163,85,0.5124698644869865,1.9513342526024644,71.22445379633596,77.93513595242295,83.29259380591185
1988,241624,165,87,0.48268704413421487,2.071735738823647,68.9501042942754,78.07005926563588,83.20944939244447
1989,155499,166,78,0.40351172881769826,2.478242709152546,62.64027421398208,73.30915311352484,79.76514318420054
1990,131538,161,63,0.33048464619850276,3.0258591783394335,55.38779668232754,73.48674907631253,81.89572594991562
1991,81574,182,71,0.2793049262682939,3.5803163709308263,50.59455218574546,67.66249049942384,78.27739230637214
1992,100113,183,69,0.44538242610817563,2.2452614683030117,65.69076943054348,79.69594358375036,87.67392846083925
1993,73500,182,63,0.21204609523809526,4.715955740081671,40.35238095238095,67.83809523809524,78.36190476190475
1994,60662,187,63,0.31932825275291904,3.131573831563699,55.28502192476344,67.15901223171012,74.68266789753058
1995,49301,187,59,0.2395014346568147,4.175340333275729,46.32968905296039,63.97841828766151,73.03705807184438
1996,4517,185,51,0.13478606316854125,7.419164685814473,24.706663714854994,56.25415098516715,68.12043391631614
1997,5755,187,47,0.25592465585397345,3.9073999988910177,43.87489139878367,73.37966985230234,85.31711555169417
1998,7044,183,46,0.4728634419617938,2.1147754536727277,68.10051107325383,78.39295854628052,84.86655309483248
1999,7925,191,46,0.20966110917612876,4.7696017822739645,39.457413249211356,68.64353312302839,81.95583596214512
2000,3297,192,31,0.1147323846303231,8.71593494044493,21.474067333939946,50.68243858052776,64.05823475887172
2001,878,195,19,0.41304009422948196,2.4210724672273765,61.04783599088838,88.83826879271069,92.93849658314349
2002,3565,195,10,0.8104732585975936,1.2338470016029337,89.76157082748948,98.8499298737728,99.38288920056101
2003,1138,195,15,0.29353751687201357,3.406719558903995,39.54305799648506,84.18277680140598,95.60632688927944
2004,1475,195,19,0.37148635449583456,2.691888915696937,58.84745762711865,78.5084745762712,86.57627118644069
2005,2696,193,18,0.2703926137414259,3.6983258757071344,35.459940652818986,84.013353115727,94.32492581602374
2006,2245,196,19,0.43236670453023546,2.3128515436601336,56.52561247216036,91.89309576837417,95.14476614699332
2007,1541,198,12,0.4630285078290516,2.159694237161735,62.94613887086308,91.36924075275795,95.26281635301753
2008,1926,198,19,0.3586463425022833,2.7882620885604976,49.89615784008307,88.83696780893042,92.73104880581516
2009,2020,172,25,0.2682575237721791,3.7277612420267547,41.53465346534653,76.23762376237624,82.32673267326733
2010,1988,198,22,0.2764656348554101,3.617086082047753,44.36619718309859,78.11871227364186,87.37424547283702
2011,826,173,19,0.15895913090889907,6.2909251848710035,26.634382566585955,58.35351089588377,81.96125907990314
2012,325,174,10,0.2916449704142012,3.4288264892062976,44.30769230769231,85.23076923076923,96.92307692307692
2013,565,173,11,0.2536862714386405,3.9418766901695417,38.230088495575224,78.40707964601769,92.92035398230088
2014,469,173,12,0.6151317733598229,1.6256679354051955,77.61194029850746,92.75053304904051,97.01492537313433
2015,139,173,8,0.2685678795093422,3.723453459240701,44.60431654676259,74.82014388489209,96.40287769784173
2016,49,173,4,0.331945022907122,3.012547051442911,46.93877551020408,87.75510204081633,100
2017,131,173,4,0.4450206864401842,2.2470865523111163,62.59541984732825,93.12977099236642,100
2018,203,173,9,0.17100633356790992,5.847736625514403,25.615763546798032,64.03940886699507,85.22167487684729
2019,656,173,20,0.17095478881618087,5.849499782514136,28.65853658536585,66.92073170731707,78.20121951219512
2020,1871,173,27,0.1038938297300409,9.625210684777077,21.59273115980759,45.37680384820951,60.98343132014965
