entity,code,year,estimated_cases,positive_cases,zero_cases,log10_cases_plus1
India,IND,1980,132825,TRUE,FALSE,5.123283094243714
China,CHN,1980,52094,TRUE,FALSE,4.716796042366443
Sudan,SDN,1980,29057,TRUE,FALSE,4.463265719430183
Pakistan,PAK,1980,20860,TRUE,FALSE,4.319335123077688
Egypt,EGY,1980,14042,TRUE,FALSE,4.1474598958471045
Vietnam,VNM,1980,12187,TRUE,FALSE,4.085932445550636
Brazil,BRA,1980,9394,TRUE,FALSE,3.9728967844365446
Laos,LAO,1980,8162,TRUE,FALSE,3.91184979649942
Iraq,IRQ,1980,6979,TRUE,FALSE,3.843855422623161
Afghanistan,AFG,1980,6160,TRUE,FALSE,3.7896512087934098
India,IND,1990,72856,TRUE,FALSE,4.862471284525037
Nigeria,NGA,1990,13111,TRUE,FALSE,4.117668940562442
Kenya,KEN,1990,10696,TRUE,FALSE,4.029261995804175
China,CHN,1990,5622,TRUE,FALSE,3.749968083509403
Pakistan,PAK,1990,5439,TRUE,FALSE,3.73559889969818
Vietnam,VNM,1990,5061,TRUE,FALSE,3.704322140822235
Egypt,EGY,1990,3955,TRUE,FALSE,3.5972562829251418
Indonesia,IDN,1990,3255,TRUE,FALSE,3.5126843962171637
Bangladesh,BGD,1990,2618,TRUE,FALSE,3.418135498425232
Guinea,GIN,1990,1085,TRUE,FALSE,3.035829825252828
Nigeria,NGA,2000,708,TRUE,FALSE,2.8506462351830666
Democratic Republic of Congo,COD,2000,669,TRUE,FALSE,2.8260748027008264
India,IND,2000,294,TRUE,FALSE,2.469822015978163
Pakistan,PAK,2000,221,TRUE,FALSE,2.346352974450639
Bangladesh,BGD,2000,220,TRUE,FALSE,2.3443922736851106
Ethiopia,ETH,2000,169,TRUE,FALSE,2.230448921378274
Afghanistan,AFG,2000,133,TRUE,FALSE,2.1271047983648077
Angola,AGO,2000,128,TRUE,FALSE,2.110589710299249
Ghana,GHA,2000,115,TRUE,FALSE,2.0644579892269186
Somalia,SOM,2000,107,TRUE,FALSE,2.03342375548695
Congo,COG,2010,882,TRUE,FALSE,2.945960703577569
Tajikistan,TJK,2010,511,TRUE,FALSE,2.709269960975831
Pakistan,PAK,2010,160,TRUE,FALSE,2.2068258760318495
Democratic Republic of Congo,COD,2010,131,TRUE,FALSE,2.12057393120585
Nigeria,NGA,2010,53,TRUE,FALSE,1.7323937598229686
India,IND,2010,49,TRUE,FALSE,1.6989700043360187
Angola,AGO,2010,37,TRUE,FALSE,1.57978359661681
Senegal,SEN,2010,36,TRUE,FALSE,1.568201724066995
Afghanistan,AFG,2010,33,TRUE,FALSE,1.5314789170422551
Chad,TCD,2010,30,TRUE,FALSE,1.4913616938342726
Pakistan,PAK,2016,23,TRUE,FALSE,1.380211241711606
Afghanistan,AFG,2016,14,TRUE,FALSE,1.1760912590556811
Laos,LAO,2016,6,TRUE,FALSE,0.8450980400142568
Nigeria,NGA,2016,6,TRUE,FALSE,0.8450980400142568
Afghanistan,AFG,2020,404,TRUE,FALSE,2.6074550232146687
Pakistan,PAK,2020,243,TRUE,FALSE,2.387389826338729
Chad,TCD,2020,202,TRUE,FALSE,2.307496037913213
Democratic Republic of Congo,COD,2020,162,TRUE,FALSE,2.2121876044039577
Burkina Faso,BFA,2020,130,TRUE,FALSE,2.1172712956557644
Cote d'Ivoire,CIV,2020,128,TRUE,FALSE,2.110589710299249
Mali,MLI,2020,104,TRUE,FALSE,2.0211892990699383
South Sudan,SSD,2020,100,TRUE,FALSE,2.004321373782642
Guinea,GIN,2020,88,TRUE,FALSE,1.9493900066449128
Ethiopia,ETH,2020,72,TRUE,FALSE,1.863322860120456
