year,n_entities_observed,n_entities_with_cases,n_entities_zero,total_estimated_cases,proportion_entities_zero,proportion_entities_positive,previous_year_cases,absolute_change,percent_change,log10_cases
2002,195,10,185,3565,94.87179487179488,5.128205128205129,878,2687,306.0364464692483,3.5521813388393357
2019,173,20,153,656,88.4393063583815,11.560693641618498,203,453,223.15270935960592,2.8175653695597807
2020,173,27,146,1871,84.39306358381504,15.606936416184972,656,1215,185.21341463414635,3.2723058444020863
2017,173,4,169,131,97.6878612716763,2.3121387283236996,49,82,167.3469387755102,2.12057393120585
2005,193,18,175,2696,90.67357512953367,9.32642487046632,1475,1221,82.77966101694915,3.4308809464528913
2013,173,11,162,565,93.64161849710985,6.358381502890174,325,240,73.84615384615384,2.7528164311882715
2018,173,9,164,203,94.79768786127168,5.202312138728324,131,72,54.961832061068705,2.3096301674258988
2004,195,19,176,1475,90.25641025641026,9.7435897435897445,1138,337,29.61335676625659,3.1690863574870227
1997,187,47,140,5755,74.8663101604278,25.13368983957219,4517,1238,27.407571396944874,3.7601207852645677
2008,198,19,179,1926,90.4040404040404,9.595959595959595,1541,385,24.983776768332252,3.284881714655453
