time,survival,lower,upper,cumulative_sustained_zero,cumulative_lower,cumulative_upper
5,0.9194630872483222,0.8767912432151932,0.9642116927537835,8.053691275167784,3.578830724621651,12.32087567848068
6,0.8791946308724833,0.8283926898428905,0.9331120475020162,12.080536912751672,6.688795249798385,17.16073101571095
7,0.8456375838926176,0.789570701157383,0.9056857381403824,15.436241610738243,9.431426185961755,21.042929884261696
8,0.8120805369127518,0.7517168265039885,0.8772915214623098,18.791946308724818,12.270847853769018,24.828317349601146
9,0.7516778523489934,0.6854115837662421,0.824350809198891,24.83221476510066,17.564919080110897,31.45884162337579
10,0.691275167785235,0.6209397909130608,0.7695776057350643,30.8724832214765,23.042239426493573,37.90602090869392
11,0.6711409395973156,0.599791805927653,0.7509775164515977,32.885906040268445,24.90224835484023,40.0208194072347
12,0.6644295302013424,0.592777534633359,0.7447424620715928,33.55704697986576,25.52575379284072,40.722246536664095
13,0.604026845637584,0.5303906165536432,0.6878862839271014,39.5973154362416,31.211371607289863,46.960938344635686
14,0.5302013422818793,0.4558268364148123,0.61671108609693,46.979865771812065,38.32889139030699,54.41731635851876
15,0.4832214765100672,0.40929121943942737,0.5705057530439557,51.677852348993284,42.949424695604435,59.07087805605726
16,0.4295302013422819,0.356968770883241,0.5168412727215489,57.04697986577181,48.31587272784511,64.3031229116759
17,0.40939597315436244,0.3375884761197732,0.4964774412961382,59.06040268456376,50.35225587038619,66.24115238802268
18,0.38255033557046986,0.31195814751171397,0.4691166440510545,61.74496644295302,53.088335594894545,68.8041852488286
19,0.36912751677852357,0.2992352420112327,0.4553445066405796,63.08724832214765,54.46554933594203,70.07647579887673
20,0.3624161073825504,0.2928973801305634,0.4484349939619506,63.75838926174495,55.15650060380495,70.71026198694366
21,0.3489932885906041,0.2802697210062877,0.43456822607873585,65.1006711409396,56.543177392126424,71.97302789937123
22,0.3355704697986578,0.2677074761564099,0.42063651646060196,66.44295302013423,57.936348353939806,73.22925238435901
23,0.29530201342281887,0.23043244156343234,0.37843316913155123,70.46979865771812,62.15668308684488,76.95675584365677
24,0.24832214765100677,0.18779812890440598,0.32835198824263523,75.16778523489933,67.16480117573647,81.2201871095594
25,0.18791946308724838,0.13458918864065936,0.26238158475926376,81.20805369127517,73.76184152407362,86.54108113593406
26,0.16778523489932892,0.11734123285048811,0.23991468613674005,83.2214765100671,76.008531386326,88.26587671495119
27,0.16107382550335575,0.11165587143305535,0.23236375238754028,83.89261744966443,76.76362476124598,88.83441285669447
29,0.14765100671140943,0.10039037163251796,0.2171604649766139,85.23489932885906,78.2839535023386,89.96096283674821
30,0.1409395973154363,0.09481391817502309,0.2095047907920983,85.90604026845638,79.04952092079017,90.5186081824977
31,0.13422818791946312,0.08927780357687204,0.20181059244618524,86.57718120805369,79.81894075538148,91.0722196423128
33,0.12751677852348994,0.0837844498778406,0.19407573635342792,87.24832214765101,80.59242636465721,91.62155501221594
34,0.10067114093959732,0.06229910407036432,0.1626777586822686,89.93288590604027,83.73222413177314,93.77008959296357
35,0.08724832214765102,0.051905106736429056,0.14665743307753756,91.2751677852349,85.33425669224624,94.8094893263571
36,0.05369127516778525,0.0273620762644678,0.10535578518529148,94.63087248322147,89.46442148147085,97.26379237355322
39,0.04602109300095878,0.021983093963595494,0.0963440817070725,95.39789069990412,90.36559182929274,97.80169060364045
